dataset,model,seed,n_train,n_validation,n_test
adult,logistic_regression,0,34188,7327,7327
adult,random_forest,0,34188,7327,7327
adult,hist_gradient_boosting,0,34188,7327,7327
adult,logistic_regression,1,34188,7327,7327
adult,random_forest,1,34188,7327,7327
adult,hist_gradient_boosting,1,34188,7327,7327
adult,logistic_regression,2,34188,7327,7327
adult,random_forest,2,34188,7327,7327
adult,hist_gradient_boosting,2,34188,7327,7327
adult,logistic_regression,3,34188,7327,7327
adult,random_forest,3,34188,7327,7327
adult,hist_gradient_boosting,3,34188,7327,7327
adult,logistic_regression,4,34188,7327,7327
adult,random_forest,4,34188,7327,7327
adult,hist_gradient_boosting,4,34188,7327,7327
adult,logistic_regression,5,34188,7327,7327
adult,random_forest,5,34188,7327,7327
adult,hist_gradient_boosting,5,34188,7327,7327
adult,logistic_regression,6,34188,7327,7327
adult,random_forest,6,34188,7327,7327
adult,hist_gradient_boosting,6,34188,7327,7327
adult,logistic_regression,7,34188,7327,7327
adult,random_forest,7,34188,7327,7327
adult,hist_gradient_boosting,7,34188,7327,7327
adult,logistic_regression,8,34188,7327,7327
adult,random_forest,8,34188,7327,7327
adult,hist_gradient_boosting,8,34188,7327,7327
adult,logistic_regression,9,34188,7327,7327
adult,random_forest,9,34188,7327,7327
adult,hist_gradient_boosting,9,34188,7327,7327
adult,logistic_regression,10,34188,7327,7327
adult,random_forest,10,34188,7327,7327
adult,hist_gradient_boosting,10,34188,7327,7327
adult,logistic_regression,11,34188,7327,7327
adult,random_forest,11,34188,7327,7327
adult,hist_gradient_boosting,11,34188,7327,7327
adult,logistic_regression,12,34188,7327,7327
adult,random_forest,12,34188,7327,7327
adult,hist_gradient_boosting,12,34188,7327,7327
adult,logistic_regression,13,34188,7327,7327
adult,random_forest,13,34188,7327,7327
adult,hist_gradient_boosting,13,34188,7327,7327
adult,logistic_regression,14,34188,7327,7327
adult,random_forest,14,34188,7327,7327
adult,hist_gradient_boosting,14,34188,7327,7327
adult,logistic_regression,15,34188,7327,7327
adult,random_forest,15,34188,7327,7327
adult,hist_gradient_boosting,15,34188,7327,7327
adult,logistic_regression,16,34188,7327,7327
adult,random_forest,16,34188,7327,7327
adult,hist_gradient_boosting,16,34188,7327,7327
adult,logistic_regression,17,34188,7327,7327
adult,random_forest,17,34188,7327,7327
adult,hist_gradient_boosting,17,34188,7327,7327
adult,logistic_regression,18,34188,7327,7327
adult,random_forest,18,34188,7327,7327
adult,hist_gradient_boosting,18,34188,7327,7327
adult,logistic_regression,19,34188,7327,7327
adult,random_forest,19,34188,7327,7327
adult,hist_gradient_boosting,19,34188,7327,7327
adult,logistic_regression,20,34188,7327,7327
adult,random_forest,20,34188,7327,7327
adult,hist_gradient_boosting,20,34188,7327,7327
adult,logistic_regression,21,34188,7327,7327
adult,random_forest,21,34188,7327,7327
adult,hist_gradient_boosting,21,34188,7327,7327
adult,logistic_regression,22,34188,7327,7327
adult,random_forest,22,34188,7327,7327
adult,hist_gradient_boosting,22,34188,7327,7327
adult,logistic_regression,23,34188,7327,7327
adult,random_forest,23,34188,7327,7327
adult,hist_gradient_boosting,23,34188,7327,7327
adult,logistic_regression,24,34188,7327,7327
adult,random_forest,24,34188,7327,7327
adult,hist_gradient_boosting,24,34188,7327,7327
adult,logistic_regression,25,34188,7327,7327
adult,random_forest,25,34188,7327,7327
adult,hist_gradient_boosting,25,34188,7327,7327
adult,logistic_regression,26,34188,7327,7327
adult,random_forest,26,34188,7327,7327
adult,hist_gradient_boosting,26,34188,7327,7327
adult,logistic_regression,27,34188,7327,7327
adult,random_forest,27,34188,7327,7327
adult,hist_gradient_boosting,27,34188,7327,7327
adult,logistic_regression,28,34188,7327,7327
adult,random_forest,28,34188,7327,7327
adult,hist_gradient_boosting,28,34188,7327,7327
adult,logistic_regression,29,34188,7327,7327
adult,random_forest,29,34188,7327,7327
adult,hist_gradient_boosting,29,34188,7327,7327
adult,logistic_regression,30,34188,7327,7327
adult,random_forest,30,34188,7327,7327
adult,hist_gradient_boosting,30,34188,7327,7327
adult,logistic_regression,31,34188,7327,7327
adult,random_forest,31,34188,7327,7327
adult,hist_gradient_boosting,31,34188,7327,7327
adult,logistic_regression,32,34188,7327,7327
adult,random_forest,32,34188,7327,7327
adult,hist_gradient_boosting,32,34188,7327,7327
adult,logistic_regression,33,34188,7327,7327
adult,random_forest,33,34188,7327,7327
adult,hist_gradient_boosting,33,34188,7327,7327
adult,logistic_regression,34,34188,7327,7327
adult,random_forest,34,34188,7327,7327
adult,hist_gradient_boosting,34,34188,7327,7327
adult,logistic_regression,35,34188,7327,7327
adult,random_forest,35,34188,7327,7327
adult,hist_gradient_boosting,35,34188,7327,7327
adult,logistic_regression,36,34188,7327,7327
adult,random_forest,36,34188,7327,7327
adult,hist_gradient_boosting,36,34188,7327,7327
adult,logistic_regression,37,34188,7327,7327
adult,random_forest,37,34188,7327,7327
adult,hist_gradient_boosting,37,34188,7327,7327
adult,logistic_regression,38,34188,7327,7327
adult,random_forest,38,34188,7327,7327
adult,hist_gradient_boosting,38,34188,7327,7327
adult,logistic_regression,39,34188,7327,7327
adult,random_forest,39,34188,7327,7327
adult,hist_gradient_boosting,39,34188,7327,7327
adult,logistic_regression,40,34188,7327,7327
adult,random_forest,40,34188,7327,7327
adult,hist_gradient_boosting,40,34188,7327,7327
adult,logistic_regression,41,34188,7327,7327
adult,random_forest,41,34188,7327,7327
adult,hist_gradient_boosting,41,34188,7327,7327
adult,logistic_regression,42,34188,7327,7327
adult,random_forest,42,34188,7327,7327
adult,hist_gradient_boosting,42,34188,7327,7327
adult,logistic_regression,43,34188,7327,7327
adult,random_forest,43,34188,7327,7327
adult,hist_gradient_boosting,43,34188,7327,7327
adult,logistic_regression,44,34188,7327,7327
adult,random_forest,44,34188,7327,7327
adult,hist_gradient_boosting,44,34188,7327,7327
adult,logistic_regression,45,34188,7327,7327
adult,random_forest,45,34188,7327,7327
adult,hist_gradient_boosting,45,34188,7327,7327
adult,logistic_regression,46,34188,7327,7327
adult,random_forest,46,34188,7327,7327
adult,hist_gradient_boosting,46,34188,7327,7327
adult,logistic_regression,47,34188,7327,7327
adult,random_forest,47,34188,7327,7327
adult,hist_gradient_boosting,47,34188,7327,7327
adult,logistic_regression,48,34188,7327,7327
adult,random_forest,48,34188,7327,7327
adult,hist_gradient_boosting,48,34188,7327,7327
adult,logistic_regression,49,34188,7327,7327
adult,random_forest,49,34188,7327,7327
adult,hist_gradient_boosting,49,34188,7327,7327
adult,logistic_regression,50,34188,7327,7327
adult,random_forest,50,34188,7327,7327
adult,hist_gradient_boosting,50,34188,7327,7327
adult,logistic_regression,51,34188,7327,7327
adult,random_forest,51,34188,7327,7327
adult,hist_gradient_boosting,51,34188,7327,7327
adult,logistic_regression,52,34188,7327,7327
adult,random_forest,52,34188,7327,7327
adult,hist_gradient_boosting,52,34188,7327,7327
adult,logistic_regression,53,34188,7327,7327
adult,random_forest,53,34188,7327,7327
adult,hist_gradient_boosting,53,34188,7327,7327
adult,logistic_regression,54,34188,7327,7327
adult,random_forest,54,34188,7327,7327
adult,hist_gradient_boosting,54,34188,7327,7327
adult,logistic_regression,55,34188,7327,7327
adult,random_forest,55,34188,7327,7327
adult,hist_gradient_boosting,55,34188,7327,7327
adult,logistic_regression,56,34188,7327,7327
adult,random_forest,56,34188,7327,7327
adult,hist_gradient_boosting,56,34188,7327,7327
adult,logistic_regression,57,34188,7327,7327
adult,random_forest,57,34188,7327,7327
adult,hist_gradient_boosting,57,34188,7327,7327
adult,logistic_regression,58,34188,7327,7327
adult,random_forest,58,34188,7327,7327
adult,hist_gradient_boosting,58,34188,7327,7327
adult,logistic_regression,59,34188,7327,7327
adult,random_forest,59,34188,7327,7327
adult,hist_gradient_boosting,59,34188,7327,7327
adult,logistic_regression,60,34188,7327,7327
adult,random_forest,60,34188,7327,7327
adult,hist_gradient_boosting,60,34188,7327,7327
adult,logistic_regression,61,34188,7327,7327
adult,random_forest,61,34188,7327,7327
adult,hist_gradient_boosting,61,34188,7327,7327
adult,logistic_regression,62,34188,7327,7327
adult,random_forest,62,34188,7327,7327
adult,hist_gradient_boosting,62,34188,7327,7327
adult,logistic_regression,63,34188,7327,7327
adult,random_forest,63,34188,7327,7327
adult,hist_gradient_boosting,63,34188,7327,7327
adult,logistic_regression,64,34188,7327,7327
adult,random_forest,64,34188,7327,7327
adult,hist_gradient_boosting,64,34188,7327,7327
adult,logistic_regression,65,34188,7327,7327
adult,random_forest,65,34188,7327,7327
adult,hist_gradient_boosting,65,34188,7327,7327
adult,logistic_regression,66,34188,7327,7327
adult,random_forest,66,34188,7327,7327
adult,hist_gradient_boosting,66,34188,7327,7327
adult,logistic_regression,67,34188,7327,7327
adult,random_forest,67,34188,7327,7327
adult,hist_gradient_boosting,67,34188,7327,7327
adult,logistic_regression,68,34188,7327,7327
adult,random_forest,68,34188,7327,7327
adult,hist_gradient_boosting,68,34188,7327,7327
adult,logistic_regression,69,34188,7327,7327
adult,random_forest,69,34188,7327,7327
adult,hist_gradient_boosting,69,34188,7327,7327
adult,logistic_regression,70,34188,7327,7327
adult,random_forest,70,34188,7327,7327
adult,hist_gradient_boosting,70,34188,7327,7327
adult,logistic_regression,71,34188,7327,7327
adult,random_forest,71,34188,7327,7327
adult,hist_gradient_boosting,71,34188,7327,7327
adult,logistic_regression,72,34188,7327,7327
adult,random_forest,72,34188,7327,7327
adult,hist_gradient_boosting,72,34188,7327,7327
adult,logistic_regression,73,34188,7327,7327
adult,random_forest,73,34188,7327,7327
adult,hist_gradient_boosting,73,34188,7327,7327
adult,logistic_regression,74,34188,7327,7327
adult,random_forest,74,34188,7327,7327
adult,hist_gradient_boosting,74,34188,7327,7327
adult,logistic_regression,75,34188,7327,7327
adult,random_forest,75,34188,7327,7327
adult,hist_gradient_boosting,75,34188,7327,7327
adult,logistic_regression,76,34188,7327,7327
adult,random_forest,76,34188,7327,7327
adult,hist_gradient_boosting,76,34188,7327,7327
adult,logistic_regression,77,34188,7327,7327
adult,random_forest,77,34188,7327,7327
adult,hist_gradient_boosting,77,34188,7327,7327
adult,logistic_regression,78,34188,7327,7327
adult,random_forest,78,34188,7327,7327
adult,hist_gradient_boosting,78,34188,7327,7327
adult,logistic_regression,79,34188,7327,7327
adult,random_forest,79,34188,7327,7327
adult,hist_gradient_boosting,79,34188,7327,7327
adult,logistic_regression,80,34188,7327,7327
adult,random_forest,80,34188,7327,7327
adult,hist_gradient_boosting,80,34188,7327,7327
adult,logistic_regression,81,34188,7327,7327
adult,random_forest,81,34188,7327,7327
adult,hist_gradient_boosting,81,34188,7327,7327
adult,logistic_regression,82,34188,7327,7327
adult,random_forest,82,34188,7327,7327
adult,hist_gradient_boosting,82,34188,7327,7327
adult,logistic_regression,83,34188,7327,7327
adult,random_forest,83,34188,7327,7327
adult,hist_gradient_boosting,83,34188,7327,7327
adult,logistic_regression,84,34188,7327,7327
adult,random_forest,84,34188,7327,7327
adult,hist_gradient_boosting,84,34188,7327,7327
adult,logistic_regression,85,34188,7327,7327
adult,random_forest,85,34188,7327,7327
adult,hist_gradient_boosting,85,34188,7327,7327
adult,logistic_regression,86,34188,7327,7327
adult,random_forest,86,34188,7327,7327
adult,hist_gradient_boosting,86,34188,7327,7327
adult,logistic_regression,87,34188,7327,7327
adult,random_forest,87,34188,7327,7327
adult,hist_gradient_boosting,87,34188,7327,7327
adult,logistic_regression,88,34188,7327,7327
adult,random_forest,88,34188,7327,7327
adult,hist_gradient_boosting,88,34188,7327,7327
adult,logistic_regression,89,34188,7327,7327
adult,random_forest,89,34188,7327,7327
adult,hist_gradient_boosting,89,34188,7327,7327
adult,logistic_regression,90,34188,7327,7327
adult,random_forest,90,34188,7327,7327
adult,hist_gradient_boosting,90,34188,7327,7327
adult,logistic_regression,91,34188,7327,7327
adult,random_forest,91,34188,7327,7327
adult,hist_gradient_boosting,91,34188,7327,7327
adult,logistic_regression,92,34188,7327,7327
adult,random_forest,92,34188,7327,7327
adult,hist_gradient_boosting,92,34188,7327,7327
adult,logistic_regression,93,34188,7327,7327
adult,random_forest,93,34188,7327,7327
adult,hist_gradient_boosting,93,34188,7327,7327
adult,logistic_regression,94,34188,7327,7327
adult,random_forest,94,34188,7327,7327
adult,hist_gradient_boosting,94,34188,7327,7327
adult,logistic_regression,95,34188,7327,7327
adult,random_forest,95,34188,7327,7327
adult,hist_gradient_boosting,95,34188,7327,7327
adult,logistic_regression,96,34188,7327,7327
adult,random_forest,96,34188,7327,7327
adult,hist_gradient_boosting,96,34188,7327,7327
adult,logistic_regression,97,34188,7327,7327
adult,random_forest,97,34188,7327,7327
adult,hist_gradient_boosting,97,34188,7327,7327
adult,logistic_regression,98,34188,7327,7327
adult,random_forest,98,34188,7327,7327
adult,hist_gradient_boosting,98,34188,7327,7327
adult,logistic_regression,99,34188,7327,7327
adult,random_forest,99,34188,7327,7327
adult,hist_gradient_boosting,99,34188,7327,7327
compas,logistic_regression,0,3694,792,792
compas,random_forest,0,3694,792,792
compas,hist_gradient_boosting,0,3694,792,792
compas,logistic_regression,1,3694,792,792
compas,random_forest,1,3694,792,792
compas,hist_gradient_boosting,1,3694,792,792
compas,logistic_regression,2,3694,792,792
compas,random_forest,2,3694,792,792
compas,hist_gradient_boosting,2,3694,792,792
compas,logistic_regression,3,3694,792,792
compas,random_forest,3,3694,792,792
compas,hist_gradient_boosting,3,3694,792,792
compas,logistic_regression,4,3694,792,792
compas,random_forest,4,3694,792,792
compas,hist_gradient_boosting,4,3694,792,792
compas,logistic_regression,5,3694,792,792
compas,random_forest,5,3694,792,792
compas,hist_gradient_boosting,5,3694,792,792
compas,logistic_regression,6,3694,792,792
compas,random_forest,6,3694,792,792
compas,hist_gradient_boosting,6,3694,792,792
compas,logistic_regression,7,3694,792,792
compas,random_forest,7,3694,792,792
compas,hist_gradient_boosting,7,3694,792,792
compas,logistic_regression,8,3694,792,792
compas,random_forest,8,3694,792,792
compas,hist_gradient_boosting,8,3694,792,792
compas,logistic_regression,9,3694,792,792
compas,random_forest,9,3694,792,792
compas,hist_gradient_boosting,9,3694,792,792
compas,logistic_regression,10,3694,792,792
compas,random_forest,10,3694,792,792
compas,hist_gradient_boosting,10,3694,792,792
compas,logistic_regression,11,3694,792,792
compas,random_forest,11,3694,792,792
compas,hist_gradient_boosting,11,3694,792,792
compas,logistic_regression,12,3694,792,792
compas,random_forest,12,3694,792,792
compas,hist_gradient_boosting,12,3694,792,792
compas,logistic_regression,13,3694,792,792
compas,random_forest,13,3694,792,792
compas,hist_gradient_boosting,13,3694,792,792
compas,logistic_regression,14,3694,792,792
compas,random_forest,14,3694,792,792
compas,hist_gradient_boosting,14,3694,792,792
compas,logistic_regression,15,3694,792,792
compas,random_forest,15,3694,792,792
compas,hist_gradient_boosting,15,3694,792,792
compas,logistic_regression,16,3694,792,792
compas,random_forest,16,3694,792,792
compas,hist_gradient_boosting,16,3694,792,792
compas,logistic_regression,17,3694,792,792
compas,random_forest,17,3694,792,792
compas,hist_gradient_boosting,17,3694,792,792
compas,logistic_regression,18,3694,792,792
compas,random_forest,18,3694,792,792
compas,hist_gradient_boosting,18,3694,792,792
compas,logistic_regression,19,3694,792,792
compas,random_forest,19,3694,792,792
compas,hist_gradient_boosting,19,3694,792,792
compas,logistic_regression,20,3694,792,792
compas,random_forest,20,3694,792,792
compas,hist_gradient_boosting,20,3694,792,792
compas,logistic_regression,21,3694,792,792
compas,random_forest,21,3694,792,792
compas,hist_gradient_boosting,21,3694,792,792
compas,logistic_regression,22,3694,792,792
compas,random_forest,22,3694,792,792
compas,hist_gradient_boosting,22,3694,792,792
compas,logistic_regression,23,3694,792,792
compas,random_forest,23,3694,792,792
compas,hist_gradient_boosting,23,3694,792,792
compas,logistic_regression,24,3694,792,792
compas,random_forest,24,3694,792,792
compas,hist_gradient_boosting,24,3694,792,792
compas,logistic_regression,25,3694,792,792
compas,random_forest,25,3694,792,792
compas,hist_gradient_boosting,25,3694,792,792
compas,logistic_regression,26,3694,792,792
compas,random_forest,26,3694,792,792
compas,hist_gradient_boosting,26,3694,792,792
compas,logistic_regression,27,3694,792,792
compas,random_forest,27,3694,792,792
compas,hist_gradient_boosting,27,3694,792,792
compas,logistic_regression,28,3694,792,792
compas,random_forest,28,3694,792,792
compas,hist_gradient_boosting,28,3694,792,792
compas,logistic_regression,29,3694,792,792
compas,random_forest,29,3694,792,792
compas,hist_gradient_boosting,29,3694,792,792
compas,logistic_regression,30,3694,792,792
compas,random_forest,30,3694,792,792
compas,hist_gradient_boosting,30,3694,792,792
compas,logistic_regression,31,3694,792,792
compas,random_forest,31,3694,792,792
compas,hist_gradient_boosting,31,3694,792,792
compas,logistic_regression,32,3694,792,792
compas,random_forest,32,3694,792,792
compas,hist_gradient_boosting,32,3694,792,792
compas,logistic_regression,33,3694,792,792
compas,random_forest,33,3694,792,792
compas,hist_gradient_boosting,33,3694,792,792
compas,logistic_regression,34,3694,792,792
compas,random_forest,34,3694,792,792
compas,hist_gradient_boosting,34,3694,792,792
compas,logistic_regression,35,3694,792,792
compas,random_forest,35,3694,792,792
compas,hist_gradient_boosting,35,3694,792,792
compas,logistic_regression,36,3694,792,792
compas,random_forest,36,3694,792,792
compas,hist_gradient_boosting,36,3694,792,792
compas,logistic_regression,37,3694,792,792
compas,random_forest,37,3694,792,792
compas,hist_gradient_boosting,37,3694,792,792
compas,logistic_regression,38,3694,792,792
compas,random_forest,38,3694,792,792
compas,hist_gradient_boosting,38,3694,792,792
compas,logistic_regression,39,3694,792,792
compas,random_forest,39,3694,792,792
compas,hist_gradient_boosting,39,3694,792,792
compas,logistic_regression,40,3694,792,792
compas,random_forest,40,3694,792,792
compas,hist_gradient_boosting,40,3694,792,792
compas,logistic_regression,41,3694,792,792
compas,random_forest,41,3694,792,792
compas,hist_gradient_boosting,41,3694,792,792
compas,logistic_regression,42,3694,792,792
compas,random_forest,42,3694,792,792
compas,hist_gradient_boosting,42,3694,792,792
compas,logistic_regression,43,3694,792,792
compas,random_forest,43,3694,792,792
compas,hist_gradient_boosting,43,3694,792,792
compas,logistic_regression,44,3694,792,792
compas,random_forest,44,3694,792,792
compas,hist_gradient_boosting,44,3694,792,792
compas,logistic_regression,45,3694,792,792
compas,random_forest,45,3694,792,792
compas,hist_gradient_boosting,45,3694,792,792
compas,logistic_regression,46,3694,792,792
compas,random_forest,46,3694,792,792
compas,hist_gradient_boosting,46,3694,792,792
compas,logistic_regression,47,3694,792,792
compas,random_forest,47,3694,792,792
compas,hist_gradient_boosting,47,3694,792,792
compas,logistic_regression,48,3694,792,792
compas,random_forest,48,3694,792,792
compas,hist_gradient_boosting,48,3694,792,792
compas,logistic_regression,49,3694,792,792
compas,random_forest,49,3694,792,792
compas,hist_gradient_boosting,49,3694,792,792
compas,logistic_regression,50,3694,792,792
compas,random_forest,50,3694,792,792
compas,hist_gradient_boosting,50,3694,792,792
compas,logistic_regression,51,3694,792,792
compas,random_forest,51,3694,792,792
compas,hist_gradient_boosting,51,3694,792,792
compas,logistic_regression,52,3694,792,792
compas,random_forest,52,3694,792,792
compas,hist_gradient_boosting,52,3694,792,792
compas,logistic_regression,53,3694,792,792
compas,random_forest,53,3694,792,792
compas,hist_gradient_boosting,53,3694,792,792
compas,logistic_regression,54,3694,792,792
compas,random_forest,54,3694,792,792
compas,hist_gradient_boosting,54,3694,792,792
compas,logistic_regression,55,3694,792,792
compas,random_forest,55,3694,792,792
compas,hist_gradient_boosting,55,3694,792,792
compas,logistic_regression,56,3694,792,792
compas,random_forest,56,3694,792,792
compas,hist_gradient_boosting,56,3694,792,792
compas,logistic_regression,57,3694,792,792
compas,random_forest,57,3694,792,792
compas,hist_gradient_boosting,57,3694,792,792
compas,logistic_regression,58,3694,792,792
compas,random_forest,58,3694,792,792
compas,hist_gradient_boosting,58,3694,792,792
compas,logistic_regression,59,3694,792,792
compas,random_forest,59,3694,792,792
compas,hist_gradient_boosting,59,3694,792,792
compas,logistic_regression,60,3694,792,792
compas,random_forest,60,3694,792,792
compas,hist_gradient_boosting,60,3694,792,792
compas,logistic_regression,61,3694,792,792
compas,random_forest,61,3694,792,792
compas,hist_gradient_boosting,61,3694,792,792
compas,logistic_regression,62,3694,792,792
compas,random_forest,62,3694,792,792
compas,hist_gradient_boosting,62,3694,792,792
compas,logistic_regression,63,3694,792,792
compas,random_forest,63,3694,792,792
compas,hist_gradient_boosting,63,3694,792,792
compas,logistic_regression,64,3694,792,792
compas,random_forest,64,3694,792,792
compas,hist_gradient_boosting,64,3694,792,792
compas,logistic_regression,65,3694,792,792
compas,random_forest,65,3694,792,792
compas,hist_gradient_boosting,65,3694,792,792
compas,logistic_regression,66,3694,792,792
compas,random_forest,66,3694,792,792
compas,hist_gradient_boosting,66,3694,792,792
compas,logistic_regression,67,3694,792,792
compas,random_forest,67,3694,792,792
compas,hist_gradient_boosting,67,3694,792,792
compas,logistic_regression,68,3694,792,792
compas,random_forest,68,3694,792,792
compas,hist_gradient_boosting,68,3694,792,792
compas,logistic_regression,69,3694,792,792
compas,random_forest,69,3694,792,792
compas,hist_gradient_boosting,69,3694,792,792
compas,logistic_regression,70,3694,792,792
compas,random_forest,70,3694,792,792
compas,hist_gradient_boosting,70,3694,792,792
compas,logistic_regression,71,3694,792,792
compas,random_forest,71,3694,792,792
compas,hist_gradient_boosting,71,3694,792,792
compas,logistic_regression,72,3694,792,792
compas,random_forest,72,3694,792,792
compas,hist_gradient_boosting,72,3694,792,792
compas,logistic_regression,73,3694,792,792
compas,random_forest,73,3694,792,792
compas,hist_gradient_boosting,73,3694,792,792
compas,logistic_regression,74,3694,792,792
compas,random_forest,74,3694,792,792
compas,hist_gradient_boosting,74,3694,792,792
compas,logistic_regression,75,3694,792,792
compas,random_forest,75,3694,792,792
compas,hist_gradient_boosting,75,3694,792,792
compas,logistic_regression,76,3694,792,792
compas,random_forest,76,3694,792,792
compas,hist_gradient_boosting,76,3694,792,792
compas,logistic_regression,77,3694,792,792
compas,random_forest,77,3694,792,792
compas,hist_gradient_boosting,77,3694,792,792
compas,logistic_regression,78,3694,792,792
compas,random_forest,78,3694,792,792
compas,hist_gradient_boosting,78,3694,792,792
compas,logistic_regression,79,3694,792,792
compas,random_forest,79,3694,792,792
compas,hist_gradient_boosting,79,3694,792,792
compas,logistic_regression,80,3694,792,792
compas,random_forest,80,3694,792,792
compas,hist_gradient_boosting,80,3694,792,792
compas,logistic_regression,81,3694,792,792
compas,random_forest,81,3694,792,792
compas,hist_gradient_boosting,81,3694,792,792
compas,logistic_regression,82,3694,792,792
compas,random_forest,82,3694,792,792
compas,hist_gradient_boosting,82,3694,792,792
compas,logistic_regression,83,3694,792,792
compas,random_forest,83,3694,792,792
compas,hist_gradient_boosting,83,3694,792,792
compas,logistic_regression,84,3694,792,792
compas,random_forest,84,3694,792,792
compas,hist_gradient_boosting,84,3694,792,792
compas,logistic_regression,85,3694,792,792
compas,random_forest,85,3694,792,792
compas,hist_gradient_boosting,85,3694,792,792
compas,logistic_regression,86,3694,792,792
compas,random_forest,86,3694,792,792
compas,hist_gradient_boosting,86,3694,792,792
compas,logistic_regression,87,3694,792,792
compas,random_forest,87,3694,792,792
compas,hist_gradient_boosting,87,3694,792,792
compas,logistic_regression,88,3694,792,792
compas,random_forest,88,3694,792,792
compas,hist_gradient_boosting,88,3694,792,792
compas,logistic_regression,89,3694,792,792
compas,random_forest,89,3694,792,792
compas,hist_gradient_boosting,89,3694,792,792
compas,logistic_regression,90,3694,792,792
compas,random_forest,90,3694,792,792
compas,hist_gradient_boosting,90,3694,792,792
compas,logistic_regression,91,3694,792,792
compas,random_forest,91,3694,792,792
compas,hist_gradient_boosting,91,3694,792,792
compas,logistic_regression,92,3694,792,792
compas,random_forest,92,3694,792,792
compas,hist_gradient_boosting,92,3694,792,792
compas,logistic_regression,93,3694,792,792
compas,random_forest,93,3694,792,792
compas,hist_gradient_boosting,93,3694,792,792
compas,logistic_regression,94,3694,792,792
compas,random_forest,94,3694,792,792
compas,hist_gradient_boosting,94,3694,792,792
compas,logistic_regression,95,3694,792,792
compas,random_forest,95,3694,792,792
compas,hist_gradient_boosting,95,3694,792,792
compas,logistic_regression,96,3694,792,792
compas,random_forest,96,3694,792,792
compas,hist_gradient_boosting,96,3694,792,792
compas,logistic_regression,97,3694,792,792
compas,random_forest,97,3694,792,792
compas,hist_gradient_boosting,97,3694,792,792
compas,logistic_regression,98,3694,792,792
compas,random_forest,98,3694,792,792
compas,hist_gradient_boosting,98,3694,792,792
compas,logistic_regression,99,3694,792,792
compas,random_forest,99,3694,792,792
compas,hist_gradient_boosting,99,3694,792,792
german,logistic_regression,0,700,150,150
german,random_forest,0,700,150,150
german,hist_gradient_boosting,0,700,150,150
german,logistic_regression,1,700,150,150
german,random_forest,1,700,150,150
german,hist_gradient_boosting,1,700,150,150
german,logistic_regression,2,700,150,150
german,random_forest,2,700,150,150
german,hist_gradient_boosting,2,700,150,150
german,logistic_regression,3,700,150,150
german,random_forest,3,700,150,150
german,hist_gradient_boosting,3,700,150,150
german,logistic_regression,4,700,150,150
german,random_forest,4,700,150,150
german,hist_gradient_boosting,4,700,150,150
german,logistic_regression,5,700,150,150
german,random_forest,5,700,150,150
german,hist_gradient_boosting,5,700,150,150
german,logistic_regression,6,700,150,150
german,random_forest,6,700,150,150
german,hist_gradient_boosting,6,700,150,150
german,logistic_regression,7,700,150,150
german,random_forest,7,700,150,150
german,hist_gradient_boosting,7,700,150,150
german,logistic_regression,8,700,150,150
german,random_forest,8,700,150,150
german,hist_gradient_boosting,8,700,150,150
german,logistic_regression,9,700,150,150
german,random_forest,9,700,150,150
german,hist_gradient_boosting,9,700,150,150
german,logistic_regression,10,700,150,150
german,random_forest,10,700,150,150
german,hist_gradient_boosting,10,700,150,150
german,logistic_regression,11,700,150,150
german,random_forest,11,700,150,150
german,hist_gradient_boosting,11,700,150,150
german,logistic_regression,12,700,150,150
german,random_forest,12,700,150,150
german,hist_gradient_boosting,12,700,150,150
german,logistic_regression,13,700,150,150
german,random_forest,13,700,150,150
german,hist_gradient_boosting,13,700,150,150
german,logistic_regression,14,700,150,150
german,random_forest,14,700,150,150
german,hist_gradient_boosting,14,700,150,150
german,logistic_regression,15,700,150,150
german,random_forest,15,700,150,150
german,hist_gradient_boosting,15,700,150,150
german,logistic_regression,16,700,150,150
german,random_forest,16,700,150,150
german,hist_gradient_boosting,16,700,150,150
german,logistic_regression,17,700,150,150
german,random_forest,17,700,150,150
german,hist_gradient_boosting,17,700,150,150
german,logistic_regression,18,700,150,150
german,random_forest,18,700,150,150
german,hist_gradient_boosting,18,700,150,150
german,logistic_regression,19,700,150,150
german,random_forest,19,700,150,150
german,hist_gradient_boosting,19,700,150,150
german,logistic_regression,20,700,150,150
german,random_forest,20,700,150,150
german,hist_gradient_boosting,20,700,150,150
german,logistic_regression,21,700,150,150
german,random_forest,21,700,150,150
german,hist_gradient_boosting,21,700,150,150
german,logistic_regression,22,700,150,150
german,random_forest,22,700,150,150
german,hist_gradient_boosting,22,700,150,150
german,logistic_regression,23,700,150,150
german,random_forest,23,700,150,150
german,hist_gradient_boosting,23,700,150,150
german,logistic_regression,24,700,150,150
german,random_forest,24,700,150,150
german,hist_gradient_boosting,24,700,150,150
german,logistic_regression,25,700,150,150
german,random_forest,25,700,150,150
german,hist_gradient_boosting,25,700,150,150
german,logistic_regression,26,700,150,150
german,random_forest,26,700,150,150
german,hist_gradient_boosting,26,700,150,150
german,logistic_regression,27,700,150,150
german,random_forest,27,700,150,150
german,hist_gradient_boosting,27,700,150,150
german,logistic_regression,28,700,150,150
german,random_forest,28,700,150,150
german,hist_gradient_boosting,28,700,150,150
german,logistic_regression,29,700,150,150
german,random_forest,29,700,150,150
german,hist_gradient_boosting,29,700,150,150
german,logistic_regression,30,700,150,150
german,random_forest,30,700,150,150
german,hist_gradient_boosting,30,700,150,150
german,logistic_regression,31,700,150,150
german,random_forest,31,700,150,150
german,hist_gradient_boosting,31,700,150,150
german,logistic_regression,32,700,150,150
german,random_forest,32,700,150,150
german,hist_gradient_boosting,32,700,150,150
german,logistic_regression,33,700,150,150
german,random_forest,33,700,150,150
german,hist_gradient_boosting,33,700,150,150
german,logistic_regression,34,700,150,150
german,random_forest,34,700,150,150
german,hist_gradient_boosting,34,700,150,150
german,logistic_regression,35,700,150,150
german,random_forest,35,700,150,150
german,hist_gradient_boosting,35,700,150,150
german,logistic_regression,36,700,150,150
german,random_forest,36,700,150,150
german,hist_gradient_boosting,36,700,150,150
german,logistic_regression,37,700,150,150
german,random_forest,37,700,150,150
german,hist_gradient_boosting,37,700,150,150
german,logistic_regression,38,700,150,150
german,random_forest,38,700,150,150
german,hist_gradient_boosting,38,700,150,150
german,logistic_regression,39,700,150,150
german,random_forest,39,700,150,150
german,hist_gradient_boosting,39,700,150,150
german,logistic_regression,40,700,150,150
german,random_forest,40,700,150,150
german,hist_gradient_boosting,40,700,150,150
german,logistic_regression,41,700,150,150
german,random_forest,41,700,150,150
german,hist_gradient_boosting,41,700,150,150
german,logistic_regression,42,700,150,150
german,random_forest,42,700,150,150
german,hist_gradient_boosting,42,700,150,150
german,logistic_regression,43,700,150,150
german,random_forest,43,700,150,150
german,hist_gradient_boosting,43,700,150,150
german,logistic_regression,44,700,150,150
german,random_forest,44,700,150,150
german,hist_gradient_boosting,44,700,150,150
german,logistic_regression,45,700,150,150
german,random_forest,45,700,150,150
german,hist_gradient_boosting,45,700,150,150
german,logistic_regression,46,700,150,150
german,random_forest,46,700,150,150
german,hist_gradient_boosting,46,700,150,150
german,logistic_regression,47,700,150,150
german,random_forest,47,700,150,150
german,hist_gradient_boosting,47,700,150,150
german,logistic_regression,48,700,150,150
german,random_forest,48,700,150,150
german,hist_gradient_boosting,48,700,150,150
german,logistic_regression,49,700,150,150
german,random_forest,49,700,150,150
german,hist_gradient_boosting,49,700,150,150
german,logistic_regression,50,700,150,150
german,random_forest,50,700,150,150
german,hist_gradient_boosting,50,700,150,150
german,logistic_regression,51,700,150,150
german,random_forest,51,700,150,150
german,hist_gradient_boosting,51,700,150,150
german,logistic_regression,52,700,150,150
german,random_forest,52,700,150,150
german,hist_gradient_boosting,52,700,150,150
german,logistic_regression,53,700,150,150
german,random_forest,53,700,150,150
german,hist_gradient_boosting,53,700,150,150
german,logistic_regression,54,700,150,150
german,random_forest,54,700,150,150
german,hist_gradient_boosting,54,700,150,150
german,logistic_regression,55,700,150,150
german,random_forest,55,700,150,150
german,hist_gradient_boosting,55,700,150,150
german,logistic_regression,56,700,150,150
german,random_forest,56,700,150,150
german,hist_gradient_boosting,56,700,150,150
german,logistic_regression,57,700,150,150
german,random_forest,57,700,150,150
german,hist_gradient_boosting,57,700,150,150
german,logistic_regression,58,700,150,150
german,random_forest,58,700,150,150
german,hist_gradient_boosting,58,700,150,150
german,logistic_regression,59,700,150,150
german,random_forest,59,700,150,150
german,hist_gradient_boosting,59,700,150,150
german,logistic_regression,60,700,150,150
german,random_forest,60,700,150,150
german,hist_gradient_boosting,60,700,150,150
german,logistic_regression,61,700,150,150
german,random_forest,61,700,150,150
german,hist_gradient_boosting,61,700,150,150
german,logistic_regression,62,700,150,150
german,random_forest,62,700,150,150
german,hist_gradient_boosting,62,700,150,150
german,logistic_regression,63,700,150,150
german,random_forest,63,700,150,150
german,hist_gradient_boosting,63,700,150,150
german,logistic_regression,64,700,150,150
german,random_forest,64,700,150,150
german,hist_gradient_boosting,64,700,150,150
german,logistic_regression,65,700,150,150
german,random_forest,65,700,150,150
german,hist_gradient_boosting,65,700,150,150
german,logistic_regression,66,700,150,150
german,random_forest,66,700,150,150
german,hist_gradient_boosting,66,700,150,150
german,logistic_regression,67,700,150,150
german,random_forest,67,700,150,150
german,hist_gradient_boosting,67,700,150,150
german,logistic_regression,68,700,150,150
german,random_forest,68,700,150,150
german,hist_gradient_boosting,68,700,150,150
german,logistic_regression,69,700,150,150
german,random_forest,69,700,150,150
german,hist_gradient_boosting,69,700,150,150
german,logistic_regression,70,700,150,150
german,random_forest,70,700,150,150
german,hist_gradient_boosting,70,700,150,150
german,logistic_regression,71,700,150,150
german,random_forest,71,700,150,150
german,hist_gradient_boosting,71,700,150,150
german,logistic_regression,72,700,150,150
german,random_forest,72,700,150,150
german,hist_gradient_boosting,72,700,150,150
german,logistic_regression,73,700,150,150
german,random_forest,73,700,150,150
german,hist_gradient_boosting,73,700,150,150
german,logistic_regression,74,700,150,150
german,random_forest,74,700,150,150
german,hist_gradient_boosting,74,700,150,150
german,logistic_regression,75,700,150,150
german,random_forest,75,700,150,150
german,hist_gradient_boosting,75,700,150,150
german,logistic_regression,76,700,150,150
german,random_forest,76,700,150,150
german,hist_gradient_boosting,76,700,150,150
german,logistic_regression,77,700,150,150
german,random_forest,77,700,150,150
german,hist_gradient_boosting,77,700,150,150
german,logistic_regression,78,700,150,150
german,random_forest,78,700,150,150
german,hist_gradient_boosting,78,700,150,150
german,logistic_regression,79,700,150,150
german,random_forest,79,700,150,150
german,hist_gradient_boosting,79,700,150,150
german,logistic_regression,80,700,150,150
german,random_forest,80,700,150,150
german,hist_gradient_boosting,80,700,150,150
german,logistic_regression,81,700,150,150
german,random_forest,81,700,150,150
german,hist_gradient_boosting,81,700,150,150
german,logistic_regression,82,700,150,150
german,random_forest,82,700,150,150
german,hist_gradient_boosting,82,700,150,150
german,logistic_regression,83,700,150,150
german,random_forest,83,700,150,150
german,hist_gradient_boosting,83,700,150,150
german,logistic_regression,84,700,150,150
german,random_forest,84,700,150,150
german,hist_gradient_boosting,84,700,150,150
german,logistic_regression,85,700,150,150
german,random_forest,85,700,150,150
german,hist_gradient_boosting,85,700,150,150
german,logistic_regression,86,700,150,150
german,random_forest,86,700,150,150
german,hist_gradient_boosting,86,700,150,150
german,logistic_regression,87,700,150,150
german,random_forest,87,700,150,150
german,hist_gradient_boosting,87,700,150,150
german,logistic_regression,88,700,150,150
german,random_forest,88,700,150,150
german,hist_gradient_boosting,88,700,150,150
german,logistic_regression,89,700,150,150
german,random_forest,89,700,150,150
german,hist_gradient_boosting,89,700,150,150
german,logistic_regression,90,700,150,150
german,random_forest,90,700,150,150
german,hist_gradient_boosting,90,700,150,150
german,logistic_regression,91,700,150,150
german,random_forest,91,700,150,150
german,hist_gradient_boosting,91,700,150,150
german,logistic_regression,92,700,150,150
german,random_forest,92,700,150,150
german,hist_gradient_boosting,92,700,150,150
german,logistic_regression,93,700,150,150
german,random_forest,93,700,150,150
german,hist_gradient_boosting,93,700,150,150
german,logistic_regression,94,700,150,150
german,random_forest,94,700,150,150
german,hist_gradient_boosting,94,700,150,150
german,logistic_regression,95,700,150,150
german,random_forest,95,700,150,150
german,hist_gradient_boosting,95,700,150,150
german,logistic_regression,96,700,150,150
german,random_forest,96,700,150,150
german,hist_gradient_boosting,96,700,150,150
german,logistic_regression,97,700,150,150
german,random_forest,97,700,150,150
german,hist_gradient_boosting,97,700,150,150
german,logistic_regression,98,700,150,150
german,random_forest,98,700,150,150
german,hist_gradient_boosting,98,700,150,150
german,logistic_regression,99,700,150,150
german,random_forest,99,700,150,150
german,hist_gradient_boosting,99,700,150,150
acs_income,logistic_regression,0,14000,3000,3000
acs_income,random_forest,0,14000,3000,3000
acs_income,hist_gradient_boosting,0,14000,3000,3000
acs_income,logistic_regression,1,14000,3000,3000
acs_income,random_forest,1,14000,3000,3000
acs_income,hist_gradient_boosting,1,14000,3000,3000
acs_income,logistic_regression,2,14000,3000,3000
acs_income,random_forest,2,14000,3000,3000
acs_income,hist_gradient_boosting,2,14000,3000,3000
acs_income,logistic_regression,3,14000,3000,3000
acs_income,random_forest,3,14000,3000,3000
acs_income,hist_gradient_boosting,3,14000,3000,3000
acs_income,logistic_regression,4,14000,3000,3000
acs_income,random_forest,4,14000,3000,3000
acs_income,hist_gradient_boosting,4,14000,3000,3000
acs_income,logistic_regression,5,14000,3000,3000
acs_income,random_forest,5,14000,3000,3000
acs_income,hist_gradient_boosting,5,14000,3000,3000
acs_income,logistic_regression,6,14000,3000,3000
acs_income,random_forest,6,14000,3000,3000
acs_income,hist_gradient_boosting,6,14000,3000,3000
acs_income,logistic_regression,7,14000,3000,3000
acs_income,random_forest,7,14000,3000,3000
acs_income,hist_gradient_boosting,7,14000,3000,3000
acs_income,logistic_regression,8,14000,3000,3000
acs_income,random_forest,8,14000,3000,3000
acs_income,hist_gradient_boosting,8,14000,3000,3000
acs_income,logistic_regression,9,14000,3000,3000
acs_income,random_forest,9,14000,3000,3000
acs_income,hist_gradient_boosting,9,14000,3000,3000
acs_income,logistic_regression,10,14000,3000,3000
acs_income,random_forest,10,14000,3000,3000
acs_income,hist_gradient_boosting,10,14000,3000,3000
acs_income,logistic_regression,11,14000,3000,3000
acs_income,random_forest,11,14000,3000,3000
acs_income,hist_gradient_boosting,11,14000,3000,3000
acs_income,logistic_regression,12,14000,3000,3000
acs_income,random_forest,12,14000,3000,3000
acs_income,hist_gradient_boosting,12,14000,3000,3000
acs_income,logistic_regression,13,14000,3000,3000
acs_income,random_forest,13,14000,3000,3000
acs_income,hist_gradient_boosting,13,14000,3000,3000
acs_income,logistic_regression,14,14000,3000,3000
acs_income,random_forest,14,14000,3000,3000
acs_income,hist_gradient_boosting,14,14000,3000,3000
acs_income,logistic_regression,15,14000,3000,3000
acs_income,random_forest,15,14000,3000,3000
acs_income,hist_gradient_boosting,15,14000,3000,3000
acs_income,logistic_regression,16,14000,3000,3000
acs_income,random_forest,16,14000,3000,3000
acs_income,hist_gradient_boosting,16,14000,3000,3000
acs_income,logistic_regression,17,14000,3000,3000
acs_income,random_forest,17,14000,3000,3000
acs_income,hist_gradient_boosting,17,14000,3000,3000
acs_income,logistic_regression,18,14000,3000,3000
acs_income,random_forest,18,14000,3000,3000
acs_income,hist_gradient_boosting,18,14000,3000,3000
acs_income,logistic_regression,19,14000,3000,3000
acs_income,random_forest,19,14000,3000,3000
acs_income,hist_gradient_boosting,19,14000,3000,3000
acs_income,logistic_regression,20,14000,3000,3000
acs_income,random_forest,20,14000,3000,3000
acs_income,hist_gradient_boosting,20,14000,3000,3000
acs_income,logistic_regression,21,14000,3000,3000
acs_income,random_forest,21,14000,3000,3000
acs_income,hist_gradient_boosting,21,14000,3000,3000
acs_income,logistic_regression,22,14000,3000,3000
acs_income,random_forest,22,14000,3000,3000
acs_income,hist_gradient_boosting,22,14000,3000,3000
acs_income,logistic_regression,23,14000,3000,3000
acs_income,random_forest,23,14000,3000,3000
acs_income,hist_gradient_boosting,23,14000,3000,3000
acs_income,logistic_regression,24,14000,3000,3000
acs_income,random_forest,24,14000,3000,3000
acs_income,hist_gradient_boosting,24,14000,3000,3000
acs_income,logistic_regression,25,14000,3000,3000
acs_income,random_forest,25,14000,3000,3000
acs_income,hist_gradient_boosting,25,14000,3000,3000
acs_income,logistic_regression,26,14000,3000,3000
acs_income,random_forest,26,14000,3000,3000
acs_income,hist_gradient_boosting,26,14000,3000,3000
acs_income,logistic_regression,27,14000,3000,3000
acs_income,random_forest,27,14000,3000,3000
acs_income,hist_gradient_boosting,27,14000,3000,3000
acs_income,logistic_regression,28,14000,3000,3000
acs_income,random_forest,28,14000,3000,3000
acs_income,hist_gradient_boosting,28,14000,3000,3000
acs_income,logistic_regression,29,14000,3000,3000
acs_income,random_forest,29,14000,3000,3000
acs_income,hist_gradient_boosting,29,14000,3000,3000
acs_income,logistic_regression,30,14000,3000,3000
acs_income,random_forest,30,14000,3000,3000
acs_income,hist_gradient_boosting,30,14000,3000,3000
acs_income,logistic_regression,31,14000,3000,3000
acs_income,random_forest,31,14000,3000,3000
acs_income,hist_gradient_boosting,31,14000,3000,3000
acs_income,logistic_regression,32,14000,3000,3000
acs_income,random_forest,32,14000,3000,3000
acs_income,hist_gradient_boosting,32,14000,3000,3000
acs_income,logistic_regression,33,14000,3000,3000
acs_income,random_forest,33,14000,3000,3000
acs_income,hist_gradient_boosting,33,14000,3000,3000
acs_income,logistic_regression,34,14000,3000,3000
acs_income,random_forest,34,14000,3000,3000
acs_income,hist_gradient_boosting,34,14000,3000,3000
acs_income,logistic_regression,35,14000,3000,3000
acs_income,random_forest,35,14000,3000,3000
acs_income,hist_gradient_boosting,35,14000,3000,3000
acs_income,logistic_regression,36,14000,3000,3000
acs_income,random_forest,36,14000,3000,3000
acs_income,hist_gradient_boosting,36,14000,3000,3000
acs_income,logistic_regression,37,14000,3000,3000
acs_income,random_forest,37,14000,3000,3000
acs_income,hist_gradient_boosting,37,14000,3000,3000
acs_income,logistic_regression,38,14000,3000,3000
acs_income,random_forest,38,14000,3000,3000
acs_income,hist_gradient_boosting,38,14000,3000,3000
acs_income,logistic_regression,39,14000,3000,3000
acs_income,random_forest,39,14000,3000,3000
acs_income,hist_gradient_boosting,39,14000,3000,3000
acs_income,logistic_regression,40,14000,3000,3000
acs_income,random_forest,40,14000,3000,3000
acs_income,hist_gradient_boosting,40,14000,3000,3000
acs_income,logistic_regression,41,14000,3000,3000
acs_income,random_forest,41,14000,3000,3000
acs_income,hist_gradient_boosting,41,14000,3000,3000
acs_income,logistic_regression,42,14000,3000,3000
acs_income,random_forest,42,14000,3000,3000
acs_income,hist_gradient_boosting,42,14000,3000,3000
acs_income,logistic_regression,43,14000,3000,3000
acs_income,random_forest,43,14000,3000,3000
acs_income,hist_gradient_boosting,43,14000,3000,3000
acs_income,logistic_regression,44,14000,3000,3000
acs_income,random_forest,44,14000,3000,3000
acs_income,hist_gradient_boosting,44,14000,3000,3000
acs_income,logistic_regression,45,14000,3000,3000
acs_income,random_forest,45,14000,3000,3000
acs_income,hist_gradient_boosting,45,14000,3000,3000
acs_income,logistic_regression,46,14000,3000,3000
acs_income,random_forest,46,14000,3000,3000
acs_income,hist_gradient_boosting,46,14000,3000,3000
acs_income,logistic_regression,47,14000,3000,3000
acs_income,random_forest,47,14000,3000,3000
acs_income,hist_gradient_boosting,47,14000,3000,3000
acs_income,logistic_regression,48,14000,3000,3000
acs_income,random_forest,48,14000,3000,3000
acs_income,hist_gradient_boosting,48,14000,3000,3000
acs_income,logistic_regression,49,14000,3000,3000
acs_income,random_forest,49,14000,3000,3000
acs_income,hist_gradient_boosting,49,14000,3000,3000
acs_income,logistic_regression,50,14000,3000,3000
acs_income,random_forest,50,14000,3000,3000
acs_income,hist_gradient_boosting,50,14000,3000,3000
acs_income,logistic_regression,51,14000,3000,3000
acs_income,random_forest,51,14000,3000,3000
acs_income,hist_gradient_boosting,51,14000,3000,3000
acs_income,logistic_regression,52,14000,3000,3000
acs_income,random_forest,52,14000,3000,3000
acs_income,hist_gradient_boosting,52,14000,3000,3000
acs_income,logistic_regression,53,14000,3000,3000
acs_income,random_forest,53,14000,3000,3000
acs_income,hist_gradient_boosting,53,14000,3000,3000
acs_income,logistic_regression,54,14000,3000,3000
acs_income,random_forest,54,14000,3000,3000
acs_income,hist_gradient_boosting,54,14000,3000,3000
acs_income,logistic_regression,55,14000,3000,3000
acs_income,random_forest,55,14000,3000,3000
acs_income,hist_gradient_boosting,55,14000,3000,3000
acs_income,logistic_regression,56,14000,3000,3000
acs_income,random_forest,56,14000,3000,3000
acs_income,hist_gradient_boosting,56,14000,3000,3000
acs_income,logistic_regression,57,14000,3000,3000
acs_income,random_forest,57,14000,3000,3000
acs_income,hist_gradient_boosting,57,14000,3000,3000
acs_income,logistic_regression,58,14000,3000,3000
acs_income,random_forest,58,14000,3000,3000
acs_income,hist_gradient_boosting,58,14000,3000,3000
acs_income,logistic_regression,59,14000,3000,3000
acs_income,random_forest,59,14000,3000,3000
acs_income,hist_gradient_boosting,59,14000,3000,3000
acs_income,logistic_regression,60,14000,3000,3000
acs_income,random_forest,60,14000,3000,3000
acs_income,hist_gradient_boosting,60,14000,3000,3000
acs_income,logistic_regression,61,14000,3000,3000
acs_income,random_forest,61,14000,3000,3000
acs_income,hist_gradient_boosting,61,14000,3000,3000
acs_income,logistic_regression,62,14000,3000,3000
acs_income,random_forest,62,14000,3000,3000
acs_income,hist_gradient_boosting,62,14000,3000,3000
acs_income,logistic_regression,63,14000,3000,3000
acs_income,random_forest,63,14000,3000,3000
acs_income,hist_gradient_boosting,63,14000,3000,3000
acs_income,logistic_regression,64,14000,3000,3000
acs_income,random_forest,64,14000,3000,3000
acs_income,hist_gradient_boosting,64,14000,3000,3000
acs_income,logistic_regression,65,14000,3000,3000
acs_income,random_forest,65,14000,3000,3000
acs_income,hist_gradient_boosting,65,14000,3000,3000
acs_income,logistic_regression,66,14000,3000,3000
acs_income,random_forest,66,14000,3000,3000
acs_income,hist_gradient_boosting,66,14000,3000,3000
acs_income,logistic_regression,67,14000,3000,3000
acs_income,random_forest,67,14000,3000,3000
acs_income,hist_gradient_boosting,67,14000,3000,3000
acs_income,logistic_regression,68,14000,3000,3000
acs_income,random_forest,68,14000,3000,3000
acs_income,hist_gradient_boosting,68,14000,3000,3000
acs_income,logistic_regression,69,14000,3000,3000
acs_income,random_forest,69,14000,3000,3000
acs_income,hist_gradient_boosting,69,14000,3000,3000
acs_income,logistic_regression,70,14000,3000,3000
acs_income,random_forest,70,14000,3000,3000
acs_income,hist_gradient_boosting,70,14000,3000,3000
acs_income,logistic_regression,71,14000,3000,3000
acs_income,random_forest,71,14000,3000,3000
acs_income,hist_gradient_boosting,71,14000,3000,3000
acs_income,logistic_regression,72,14000,3000,3000
acs_income,random_forest,72,14000,3000,3000
acs_income,hist_gradient_boosting,72,14000,3000,3000
acs_income,logistic_regression,73,14000,3000,3000
acs_income,random_forest,73,14000,3000,3000
acs_income,hist_gradient_boosting,73,14000,3000,3000
acs_income,logistic_regression,74,14000,3000,3000
acs_income,random_forest,74,14000,3000,3000
acs_income,hist_gradient_boosting,74,14000,3000,3000
acs_income,logistic_regression,75,14000,3000,3000
acs_income,random_forest,75,14000,3000,3000
acs_income,hist_gradient_boosting,75,14000,3000,3000
acs_income,logistic_regression,76,14000,3000,3000
acs_income,random_forest,76,14000,3000,3000
acs_income,hist_gradient_boosting,76,14000,3000,3000
acs_income,logistic_regression,77,14000,3000,3000
acs_income,random_forest,77,14000,3000,3000
acs_income,hist_gradient_boosting,77,14000,3000,3000
acs_income,logistic_regression,78,14000,3000,3000
acs_income,random_forest,78,14000,3000,3000
acs_income,hist_gradient_boosting,78,14000,3000,3000
acs_income,logistic_regression,79,14000,3000,3000
acs_income,random_forest,79,14000,3000,3000
acs_income,hist_gradient_boosting,79,14000,3000,3000
acs_income,logistic_regression,80,14000,3000,3000
acs_income,random_forest,80,14000,3000,3000
acs_income,hist_gradient_boosting,80,14000,3000,3000
acs_income,logistic_regression,81,14000,3000,3000
acs_income,random_forest,81,14000,3000,3000
acs_income,hist_gradient_boosting,81,14000,3000,3000
acs_income,logistic_regression,82,14000,3000,3000
acs_income,random_forest,82,14000,3000,3000
acs_income,hist_gradient_boosting,82,14000,3000,3000
acs_income,logistic_regression,83,14000,3000,3000
acs_income,random_forest,83,14000,3000,3000
acs_income,hist_gradient_boosting,83,14000,3000,3000
acs_income,logistic_regression,84,14000,3000,3000
acs_income,random_forest,84,14000,3000,3000
acs_income,hist_gradient_boosting,84,14000,3000,3000
acs_income,logistic_regression,85,14000,3000,3000
acs_income,random_forest,85,14000,3000,3000
acs_income,hist_gradient_boosting,85,14000,3000,3000
acs_income,logistic_regression,86,14000,3000,3000
acs_income,random_forest,86,14000,3000,3000
acs_income,hist_gradient_boosting,86,14000,3000,3000
acs_income,logistic_regression,87,14000,3000,3000
acs_income,random_forest,87,14000,3000,3000
acs_income,hist_gradient_boosting,87,14000,3000,3000
acs_income,logistic_regression,88,14000,3000,3000
acs_income,random_forest,88,14000,3000,3000
acs_income,hist_gradient_boosting,88,14000,3000,3000
acs_income,logistic_regression,89,14000,3000,3000
acs_income,random_forest,89,14000,3000,3000
acs_income,hist_gradient_boosting,89,14000,3000,3000
acs_income,logistic_regression,90,14000,3000,3000
acs_income,random_forest,90,14000,3000,3000
acs_income,hist_gradient_boosting,90,14000,3000,3000
acs_income,logistic_regression,91,14000,3000,3000
acs_income,random_forest,91,14000,3000,3000
acs_income,hist_gradient_boosting,91,14000,3000,3000
acs_income,logistic_regression,92,14000,3000,3000
acs_income,random_forest,92,14000,3000,3000
acs_income,hist_gradient_boosting,92,14000,3000,3000
acs_income,logistic_regression,93,14000,3000,3000
acs_income,random_forest,93,14000,3000,3000
acs_income,hist_gradient_boosting,93,14000,3000,3000
acs_income,logistic_regression,94,14000,3000,3000
acs_income,random_forest,94,14000,3000,3000
acs_income,hist_gradient_boosting,94,14000,3000,3000
acs_income,logistic_regression,95,14000,3000,3000
acs_income,random_forest,95,14000,3000,3000
acs_income,hist_gradient_boosting,95,14000,3000,3000
acs_income,logistic_regression,96,14000,3000,3000
acs_income,random_forest,96,14000,3000,3000
acs_income,hist_gradient_boosting,96,14000,3000,3000
acs_income,logistic_regression,97,14000,3000,3000
acs_income,random_forest,97,14000,3000,3000
acs_income,hist_gradient_boosting,97,14000,3000,3000
acs_income,logistic_regression,98,14000,3000,3000
acs_income,random_forest,98,14000,3000,3000
acs_income,hist_gradient_boosting,98,14000,3000,3000
acs_income,logistic_regression,99,14000,3000,3000
acs_income,random_forest,99,14000,3000,3000
acs_income,hist_gradient_boosting,99,14000,3000,3000
